provider,model,method,Prompt,ROC-AUC,PR-AUC,Precision,Recall,F1
gpt,gpt-4o-mini,zero,"runs\20260414_hard_price_time_llm\prompt_gpt_zero_seed0.txt
你是招投标审计与反围串标专家。你的任务是对单个招标项目的围标/串标风险进行量化评估。

【输入范围限制】本次只提供“报价 x_price”和“提交时间 versionnumber”。
- 你必须只基于价格模式与时间/版本同步进行判断。
- 不允许利用任何公司名称、联系人电话、资格审查、公告标题、项目名称等信息（这些信息不会提供）。

打分标准（总分 0-100，分数越高风险越高）：
1) 价格与排序异常（0-70）：多家报价高度贴近；或出现规律性差值/比例；或报价分层明显且缺乏竞争合理性。
2) 报价时间/版本同步（0-30）：versionnumber 高度相近、呈现批量提交的异常同步。

风险等级建议：0-20 低；21-40 中；41-70 高；71-100 严重。

输出要求：
- 只输出一个合法 JSON，不要输出额外文本。
- collusionSuspicionScore 必须是 0-100 的整数。
- scoringStandard 用一句话概括本次打分依据（不要复述全部标准）。
- scoringBreakdown 给出每个维度的得分与证据。

JSON Schema：
{
  ""collusionSuspicionScore"": 0,
  ""riskLevel"": ""Low|Medium|High|Critical"",
  ""scoringStandard"": ""string"",
  ""scoringBreakdown"": [
    {""dimension"": ""string"", ""points"": 0, ""evidence"": [""string""]}
  ],
  ""keyEvidence"": [""string""],
  ""mostSuspiciousGroup"": {""bidders"": [""string""], ""reasoning"": ""str…",0.6675,0.6568335760349491,0.5,1.0,0.6666666666666666
gpt,gpt-4o-mini,few,"runs\20260414_hard_price_time_llm\prompt_gpt_few_seed0.txt
你是招投标审计与反围串标专家。你的任务是对单个招标项目的围标/串标风险进行量化评估。

【输入范围限制】本次只提供“报价 x_price”和“提交时间 versionnumber”。
- 你必须只基于价格模式与时间/版本同步进行判断。
- 不允许利用任何公司名称、联系人电话、资格审查、公告标题、项目名称等信息（这些信息不会提供）。

打分标准（总分 0-100，分数越高风险越高）：
1) 价格与排序异常（0-70）：多家报价高度贴近；或出现规律性差值/比例；或报价分层明显且缺乏竞争合理性。
2) 报价时间/版本同步（0-30）：versionnumber 高度相近、呈现批量提交的异常同步。

风险等级建议：0-20 低；21-40 中；41-70 高；71-100 严重。

输出要求：
- 只输出一个合法 JSON，不要输出额外文本。
- collusionSuspicionScore 必须是 0-100 的整数。
- scoringStandard 用一句话概括本次打分依据（不要复述全部标准）。
- scoringBreakdown 给出每个维度的得分与证据。

JSON Schema：
{
  ""collusionSuspicionScore"": 0,
  ""riskLevel"": ""Low|Medium|High|Critical"",
  ""scoringStandard"": ""string"",
  ""scoringBreakdown"": [
    {""dimension"": ""string"", ""points"": 0, ""evidence"": [""string""]}
  ],
  ""keyEvidence"": [""string""],
  ""mostSuspiciousGroup"": {""bidders"": [""string""], ""reasoning"": ""str…",0.5262500000000001,0.5915499916043211,0.5,1.0,0.6666666666666666
gpt,gpt-4o-mini,cot,"runs\20260414_hard_price_time_llm\prompt_gpt_cot_seed0.txt
你是招投标审计与反围串标专家。你的任务是对单个招标项目的围标/串标风险进行量化评估。

【输入范围限制】本次只提供“报价 x_price”和“提交时间 versionnumber”。
- 你必须只基于价格模式与时间/版本同步进行判断。
- 不允许利用任何公司名称、联系人电话、资格审查、公告标题、项目名称等信息（这些信息不会提供）。

打分标准（总分 0-100，分数越高风险越高）：
1) 价格与排序异常（0-70）：多家报价高度贴近；或出现规律性差值/比例；或报价分层明显且缺乏竞争合理性。
2) 报价时间/版本同步（0-30）：versionnumber 高度相近、呈现批量提交的异常同步。

风险等级建议：0-20 低；21-40 中；41-70 高；71-100 严重。

输出要求：
- 只输出一个合法 JSON，不要输出额外文本。
- collusionSuspicionScore 必须是 0-100 的整数。
- scoringStandard 用一句话概括本次打分依据（不要复述全部标准）。
- scoringBreakdown 给出每个维度的得分与证据。

JSON Schema：
{
  ""collusionSuspicionScore"": 0,
  ""riskLevel"": ""Low|Medium|High|Critical"",
  ""scoringStandard"": ""string"",
  ""scoringBreakdown"": [
    {""dimension"": ""string"", ""points"": 0, ""evidence"": [""string""]}
  ],
  ""keyEvidence"": [""string""],
  ""mostSuspiciousGroup"": {""bidders"": [""string""], ""reasoning"": ""str…",0.69875,0.6568323506558801,0.5,1.0,0.6666666666666666
zhipu,glm-4.7,zero,"runs\20260414_hard_price_time_llm\prompt_zhipu_zero_seed0.txt
你是招投标审计与反围串标专家。你的任务是对单个招标项目的围标/串标风险进行量化评估。

【输入范围限制】本次只提供“报价 x_price”和“提交时间 versionnumber”。
- 你必须只基于价格模式与时间/版本同步进行判断。
- 不允许利用任何公司名称、联系人电话、资格审查、公告标题、项目名称等信息（这些信息不会提供）。

打分标准（总分 0-100，分数越高风险越高）：
1) 价格与排序异常（0-70）：多家报价高度贴近；或出现规律性差值/比例；或报价分层明显且缺乏竞争合理性。
2) 报价时间/版本同步（0-30）：versionnumber 高度相近、呈现批量提交的异常同步。

风险等级建议：0-20 低；21-40 中；41-70 高；71-100 严重。

输出要求：
- 只输出一个合法 JSON，不要输出额外文本。
- collusionSuspicionScore 必须是 0-100 的整数。
- scoringStandard 用一句话概括本次打分依据（不要复述全部标准）。
- scoringBreakdown 给出每个维度的得分与证据。

JSON Schema：
{
  ""collusionSuspicionScore"": 0,
  ""riskLevel"": ""Low|Medium|High|Critical"",
  ""scoringStandard"": ""string"",
  ""scoringBreakdown"": [
    {""dimension"": ""string"", ""points"": 0, ""evidence"": [""string""]}
  ],
  ""keyEvidence"": [""string""],
  ""mostSuspiciousGroup"": {""bidders"": [""string""], ""reasoning"": ""str…",0.3925,0.4673815359477124,0.5,1.0,0.6666666666666666
zhipu,glm-4.7,few,"runs\20260414_hard_price_time_llm\prompt_zhipu_few_seed0.txt
你是招投标审计与反围串标专家。你的任务是对单个招标项目的围标/串标风险进行量化评估。

【输入范围限制】本次只提供“报价 x_price”和“提交时间 versionnumber”。
- 你必须只基于价格模式与时间/版本同步进行判断。
- 不允许利用任何公司名称、联系人电话、资格审查、公告标题、项目名称等信息（这些信息不会提供）。

打分标准（总分 0-100，分数越高风险越高）：
1) 价格与排序异常（0-70）：多家报价高度贴近；或出现规律性差值/比例；或报价分层明显且缺乏竞争合理性。
2) 报价时间/版本同步（0-30）：versionnumber 高度相近、呈现批量提交的异常同步。

风险等级建议：0-20 低；21-40 中；41-70 高；71-100 严重。

输出要求：
- 只输出一个合法 JSON，不要输出额外文本。
- collusionSuspicionScore 必须是 0-100 的整数。
- scoringStandard 用一句话概括本次打分依据（不要复述全部标准）。
- scoringBreakdown 给出每个维度的得分与证据。

JSON Schema：
{
  ""collusionSuspicionScore"": 0,
  ""riskLevel"": ""Low|Medium|High|Critical"",
  ""scoringStandard"": ""string"",
  ""scoringBreakdown"": [
    {""dimension"": ""string"", ""points"": 0, ""evidence"": [""string""]}
  ],
  ""keyEvidence"": [""string""],
  ""mostSuspiciousGroup"": {""bidders"": [""string""], ""reasoning"": ""str…",0.3925,0.4673815359477124,0.5,1.0,0.6666666666666666
zhipu,glm-4.7,cot,"runs\20260414_hard_price_time_llm\prompt_zhipu_cot_seed0.txt
你是招投标审计与反围串标专家。你的任务是对单个招标项目的围标/串标风险进行量化评估。

【输入范围限制】本次只提供“报价 x_price”和“提交时间 versionnumber”。
- 你必须只基于价格模式与时间/版本同步进行判断。
- 不允许利用任何公司名称、联系人电话、资格审查、公告标题、项目名称等信息（这些信息不会提供）。

打分标准（总分 0-100，分数越高风险越高）：
1) 价格与排序异常（0-70）：多家报价高度贴近；或出现规律性差值/比例；或报价分层明显且缺乏竞争合理性。
2) 报价时间/版本同步（0-30）：versionnumber 高度相近、呈现批量提交的异常同步。

风险等级建议：0-20 低；21-40 中；41-70 高；71-100 严重。

输出要求：
- 只输出一个合法 JSON，不要输出额外文本。
- collusionSuspicionScore 必须是 0-100 的整数。
- scoringStandard 用一句话概括本次打分依据（不要复述全部标准）。
- scoringBreakdown 给出每个维度的得分与证据。

JSON Schema：
{
  ""collusionSuspicionScore"": 0,
  ""riskLevel"": ""Low|Medium|High|Critical"",
  ""scoringStandard"": ""string"",
  ""scoringBreakdown"": [
    {""dimension"": ""string"", ""points"": 0, ""evidence"": [""string""]}
  ],
  ""keyEvidence"": [""string""],
  ""mostSuspiciousGroup"": {""bidders"": [""string""], ""reasoning"": ""str…",0.3925,0.4673815359477124,0.5,1.0,0.6666666666666666
